	confidenceLevel	metrics	Completude	Incompletude	hasPath	size	Número de Métricas	distance	quality	best
DC-PRS-SPR_conf=5	5	DC-PRS-SPR	1.5114873035066507	98.42805320435308	96.72619047619048	0.20314389359129384	3	2.1807362511331845	2.1093431000544194	BEST
DC-PRS-SPR_conf=4	4	DC-PRS-SPR	21.886336154776302	75.69528415961307	91.78295549297547	38.42986698911729	3	32.706741237271316	30.01921375300739	BEST
DC-PRS-SPR_conf=3	3	DC-PRS-SPR	31.559854897218862	62.39419588875453	90.08879394282891	83.20556227327691	3	49.09400109979707	44.228193489086344	BEST
DC-PRS-SPR_conf=2	2	DC-PRS-SPR	39.35912938331318	51.08827085852479	89.80542079730014	114.65538089480049	3	62.781353230250005	56.3810584506654	BEST
DC-MIC-PRS-SOB-SPR_conf=1	1	DC-MIC-PRS-SOB-SPR	52.78113663845224	29.92744860943168	90.00736299568739	137.94921402660216	5	87.72691059891943	78.96067886767156	BEST
FSH-MIC_conf=0	0	FSH-MIC	61.12454655380895	14.993954050785973	91.18122026491162	277.7956469165659	2	104.70070696670888	95.46738223823448	BEST
