	confidenceLevel	metrics	Completude	Incompletude	hasPath	size	Número de Métricas	distance	quality	best
DC-PRS-SPR_conf=5	5	DC-PRS-SPR	1.725327812284334	98.27467218771567	100.0	0.10420979986197378	3	2.43998199167201	2.43998199167201	BEST
DC-PRS-SPR_conf=4	4	DC-PRS-SPR	25.327812284334023	73.77501725327812	95.43143856869347	10.453416149068323	3	36.458850711128036	34.79320571924181	BEST
DC-PRS-SPR_conf=3	3	DC-PRS-SPR	36.99102829537612	60.45548654244306	95.30330660977876	20.05728088336784	3	54.14891244470399	51.60570405303689	BEST
DC-PRS-SPR_conf=2	2	DC-PRS-SPR	45.13457556935818	50.31055900621118	94.81166312101114	27.574189095928226	3	67.1280154488521	63.64518786718596	BEST
MIC-PRS-SPR_conf=1	1	MIC-PRS-SPR	62.180814354727396	28.57142857142857	94.36025998142989	37.16356107660455	3	94.70213561553722	89.36118137478724	BEST
FSH-MIC_conf=0	0	FSH-MIC	72.18771566597654	12.974465148378192	94.32340543634756	79.57073844030366	2	113.06860753225325	106.65016110387984	BEST
