	confidenceLevel	metrics	Completude	Incompletude	hasPath	size	Número de Métricas	distance	quality	best
DC-PRS-SPR_conf=5	5	DC-PRS-SPR	1.8335684062059237	98.16643159379407	100.0	0.15726375176304655	3	2.593057307595236	2.593057307595236	BEST
DC-PRS-SPR_conf=4	4	DC-PRS-SPR	25.599435825105783	73.4132581100141	96.13901976381325	11.525387870239774	3	36.90780349585221	35.48280049726671	BEST
DC-PRS-SPR_conf=3	3	DC-PRS-SPR	37.79971791255289	60.29619181946403	95.87958945510039	23.567700987306065	3	54.81980534720427	52.56100430698463	BEST
DC-PRS-SPR_conf=2	2	DC-PRS-SPR	46.05077574047955	49.92947813822285	95.48242811501598	33.110014104372354	3	68.0274290695352	64.95424105981243	BEST
FSH-MIC-PRS-SPR_conf=1	1	FSH-MIC-PRS-SPR	62.27080394922426	27.150916784203105	94.36962137223212	51.05289139633286	4	95.83653765586915	90.44057772210037	BEST
FSH-MIC_conf=0	0	FSH-MIC	71.65021156558534	12.341325811001411	94.15101744704637	118.5937940761636	2	113.2157055269548	106.59373866347987	BEST
